City_ID,City,Lat,Lng,Max Temp,Humidity,Cloudiness,Wind Speed,Country,Date
0,Ushuaia,-54.8,-68.3,47.86,66,40,5.75,AR,2021-08-05 02:27:48
1,Port Alfred,-33.5906,26.891,63.01,88,68,8.34,ZA,2021-08-05 02:24:14
2,Port Elizabeth,-33.918,25.5701,61.11,94,40,2.3,ZA,2021-08-05 02:28:00
3,Erzurum,40.0,41.5,60.48,66,0,4.97,TR,2021-08-05 02:28:00
4,Tuktoyaktuk,69.4541,-133.0374,62.6,45,40,10.36,CA,2021-08-05 02:28:00
5,Tomatlan,19.9333,-105.25,78.26,92,100,0.92,MX,2021-08-05 02:28:00
6,Pangnirtung,66.1451,-65.7125,42.28,98,100,3.09,CA,2021-08-05 02:28:01
7,Srednekolymsk,67.45,153.6833,45.82,78,100,7.49,RU,2021-08-05 02:25:20
8,Hilo,19.7297,-155.09,80.33,75,40,5.75,US,2021-08-05 02:24:39
9,Mataura,-46.1927,168.8643,47.98,68,100,4.79,NZ,2021-08-05 02:24:09
10,Qaanaaq,77.484,-69.3632,42.44,69,7,5.08,GL,2021-08-05 02:24:18
11,Severo-Kurilsk,50.6789,156.125,57.36,63,70,14.83,RU,2021-08-05 02:28:01
12,Busselton,-33.65,115.3333,59.04,72,0,6.49,AU,2021-08-05 02:24:20
13,Chuy,-33.6971,-53.4616,49.24,95,81,5.32,UY,2021-08-05 02:24:21
14,Cayenne,4.9333,-52.3333,77.09,88,0,0.0,GF,2021-08-05 02:24:38
15,Gari,59.4307,62.3497,63.07,94,35,5.23,RU,2021-08-05 02:28:01
16,Kyzyl-Suu,42.3414,78.0056,66.09,45,1,0.31,KG,2021-08-05 02:28:02
17,Sitka,57.0531,-135.33,62.49,82,90,6.91,US,2021-08-05 02:28:02
18,Rikitea,-23.1203,-134.9692,73.04,71,7,17.11,PF,2021-08-05 02:27:21
19,Bluff,-46.6,168.3333,46.81,68,100,5.91,NZ,2021-08-05 02:24:19
20,Boulder,40.0833,-105.3505,73.0,50,1,5.01,US,2021-08-05 02:28:02
21,Zonguldak,41.25,31.8333,61.65,63,0,4.68,TR,2021-08-05 02:28:02
22,Nome,64.5011,-165.4064,69.17,77,75,4.61,US,2021-08-05 02:24:44
23,Thompson,55.7435,-97.8558,53.76,62,75,4.61,CA,2021-08-05 02:28:03
24,Hope,33.6671,-93.5916,80.65,65,40,4.54,US,2021-08-05 02:28:03
25,Creel,27.75,-107.6333,64.0,52,58,8.25,MX,2021-08-05 02:28:03
26,Termoli,41.9888,14.9895,77.07,72,100,10.02,IT,2021-08-05 02:28:03
27,Cairns,-16.9167,145.7667,82.06,38,40,11.5,AU,2021-08-05 02:25:37
28,Farafangana,-22.8167,47.8333,65.68,75,64,5.95,MG,2021-08-05 02:24:21
29,Carnarvon,-24.8667,113.6333,68.07,32,0,18.41,AU,2021-08-05 02:28:04
30,Tiksi,71.6872,128.8694,45.41,75,4,10.13,RU,2021-08-05 02:28:04
31,Upernavik,72.7868,-56.1549,45.3,71,3,2.3,GL,2021-08-05 02:28:04
32,East London,-33.0153,27.9116,64.96,86,99,5.95,ZA,2021-08-05 02:24:49
33,Hambantota,6.1241,81.1185,82.74,83,20,16.11,LK,2021-08-05 02:25:45
34,Tuatapere,-46.1333,167.6833,49.96,59,100,1.59,NZ,2021-08-05 02:25:04
35,Barrow,71.2906,-156.7887,53.62,71,1,12.66,US,2021-08-05 02:24:16
36,Egvekinot,66.3167,-179.1667,66.11,53,5,25.61,RU,2021-08-05 02:28:04
37,Sobolevo,54.4299,31.8996,55.76,96,100,4.18,RU,2021-08-05 02:28:05
38,Aksarayskiy,46.7924,48.0119,79.99,49,100,12.12,RU,2021-08-05 02:28:05
39,Vaini,-21.2,-175.2,73.56,73,20,8.05,TO,2021-08-05 02:28:05
40,Yellowknife,62.456,-114.3525,55.92,62,90,6.91,CA,2021-08-05 02:28:05
41,Fare,-16.7,-151.0167,79.52,71,14,13.89,PF,2021-08-05 02:28:05
42,Karratha,-20.7377,116.8463,74.44,22,29,29.24,AU,2021-08-05 02:28:06
43,Longyearbyen,78.2186,15.6401,40.84,93,75,4.61,SJ,2021-08-05 02:28:06
44,Victoria,22.2855,114.1577,85.32,88,100,8.99,HK,2021-08-05 02:28:06
45,Punta Arenas,-53.15,-70.9167,42.91,81,0,8.05,CL,2021-08-05 02:24:17
46,Butaritari,3.0707,172.7902,82.65,65,7,7.7,KI,2021-08-05 02:28:06
47,Ilulissat,69.2167,-51.1,48.22,81,26,4.61,GL,2021-08-05 02:28:07
48,Phalaborwa,-23.943,31.1411,54.68,62,0,2.08,ZA,2021-08-05 02:28:07
49,Okhotsk,59.3833,143.3,60.49,66,95,9.71,RU,2021-08-05 02:28:07
50,Guerrero Negro,27.9769,-114.0611,73.15,76,6,15.7,MX,2021-08-05 02:25:41
51,Tukrah,32.5341,20.5791,82.02,66,0,9.95,LY,2021-08-05 02:28:07
52,Waingapu,-9.6567,120.2641,85.24,61,19,15.99,ID,2021-08-05 02:28:08
53,Slave Lake,55.2834,-114.769,73.38,64,75,0.0,CA,2021-08-05 02:28:08
54,Saint-Philippe,-21.3585,55.7679,67.55,79,80,15.39,RE,2021-08-05 02:28:08
55,Norman Wells,65.282,-126.8329,60.84,59,75,11.5,CA,2021-08-05 02:24:24
56,Avarua,-21.2078,-159.775,75.25,78,75,6.91,CK,2021-08-05 02:24:36
57,Bredasdorp,-34.5322,20.0403,56.52,88,20,3.44,ZA,2021-08-05 02:24:20
58,Balangir,20.7167,83.4833,81.19,77,100,7.29,IN,2021-08-05 02:28:08
59,Luwuk,-0.9516,122.7875,84.51,70,91,4.97,ID,2021-08-05 02:28:09
60,Hobart,-42.8794,147.3294,56.12,68,75,3.0,AU,2021-08-05 02:27:03
61,Chokurdakh,70.6333,147.9167,48.09,57,100,16.06,RU,2021-08-05 02:24:15
62,Port-Gentil,-0.7193,8.7815,77.31,78,89,12.12,GA,2021-08-05 02:28:09
63,Broken Hill,-31.95,141.4333,56.91,58,75,13.8,AU,2021-08-05 02:28:09
64,Albany,42.6001,-73.9662,66.92,83,100,2.91,US,2021-08-05 02:28:09
65,Saurimo,-9.6608,20.3916,59.45,29,0,5.68,AO,2021-08-05 02:28:10
66,Port Hedland,-20.3167,118.5667,69.85,30,20,24.16,AU,2021-08-05 02:28:10
67,Kodinsk,58.6881,99.1844,74.73,47,100,3.89,RU,2021-08-05 02:28:10
68,Mahebourg,-20.4081,57.7,70.09,56,75,11.5,MU,2021-08-05 02:24:20
69,Charters Towers,-20.1,146.2667,69.31,21,5,14.38,AU,2021-08-05 02:28:10
70,Zhangye,38.9342,100.4517,80.71,20,3,5.41,CN,2021-08-05 02:28:10
71,Ribeira Grande,38.5167,-28.7,72.54,89,0,5.93,PT,2021-08-05 02:28:11
72,Leshukonskoye,64.8989,45.7622,50.31,75,96,8.05,RU,2021-08-05 02:28:11
73,La Grande,45.3246,-118.0877,91.58,33,0,8.9,US,2021-08-05 02:28:11
74,Rio Grande,-32.035,-52.0986,52.95,94,51,7.81,BR,2021-08-05 02:26:49
75,Tateyama,34.9833,139.8667,89.62,73,1,5.12,JP,2021-08-05 02:28:11
76,Solwezi,-12.1688,26.3894,51.57,46,0,4.92,ZM,2021-08-05 02:28:12
77,New Norfolk,-42.7826,147.0587,55.76,68,100,3.0,AU,2021-08-05 02:28:12
78,Mahon,39.8885,4.2658,73.96,83,0,6.91,ES,2021-08-05 02:28:12
79,Pauini,-7.7136,-66.9764,74.01,48,7,2.46,BR,2021-08-05 02:28:12
80,Lebu,-37.6167,-73.65,52.48,83,100,18.61,CL,2021-08-05 02:28:12
81,Castro,-24.7911,-50.0119,46.36,97,65,5.99,BR,2021-08-05 02:28:13
82,Bambous Virieux,-20.3428,57.7575,70.05,56,75,11.5,MU,2021-08-05 02:28:13
83,Sao Filipe,14.8961,-24.4956,76.82,89,100,1.97,CV,2021-08-05 02:24:54
84,Lompoc,34.6391,-120.4579,72.21,81,1,9.22,US,2021-08-05 02:25:02
85,Atuona,-9.8,-139.0333,77.79,65,1,9.84,PF,2021-08-05 02:28:13
86,Gualaquiza,-3.4,-78.55,59.7,83,52,1.7,EC,2021-08-05 02:28:13
87,Lata,40.1629,-8.3327,62.82,98,16,1.41,PT,2021-08-05 02:28:14
88,Berbera,10.4396,45.0143,89.91,39,46,18.03,SO,2021-08-05 02:28:14
89,Goryachegorsk,55.4053,88.9154,62.1,86,53,2.48,RU,2021-08-05 02:28:14
90,Bethel,41.3712,-73.414,68.36,86,90,3.44,US,2021-08-05 02:28:14
91,Allapalli,19.4167,80.0667,78.3,90,100,4.83,IN,2021-08-05 02:28:15
92,Tabuk,17.4189,121.4443,87.76,64,59,4.61,PH,2021-08-05 02:28:15
93,Roma,43.2128,-75.4557,69.66,83,1,0.0,US,2021-08-05 02:23:45
94,Alcala,4.6747,-75.7825,72.61,64,20,8.05,CO,2021-08-05 02:28:15
95,Dekar,-21.5333,21.9333,55.13,38,0,9.1,BW,2021-08-05 02:28:15
96,Nikolskoye,59.7035,30.7861,52.81,77,33,2.46,RU,2021-08-05 02:28:16
97,Grand Gaube,-20.0064,57.6608,70.2,73,75,5.99,MU,2021-08-05 02:28:16
98,Fortuna Foothills,32.6578,-114.4119,114.89,19,1,5.01,US,2021-08-05 02:26:12
99,Cape Town,-33.9258,18.4232,58.87,93,40,5.01,ZA,2021-08-05 02:23:18
100,Faya,18.3851,42.4509,62.71,72,70,4.85,SA,2021-08-05 02:28:16
101,Hithadhoo,-0.6,73.0833,81.55,76,100,8.19,MV,2021-08-05 02:24:18
102,Zhangjiakou,40.81,114.8794,78.08,39,74,4.79,CN,2021-08-05 02:28:16
103,Puerto Ayora,-0.7393,-90.3518,71.55,83,47,5.99,EC,2021-08-05 02:28:17
104,Mareeba,-17.0,145.4333,77.43,34,91,6.08,AU,2021-08-05 02:28:17
105,Smirnykh,49.75,142.8333,54.21,99,100,5.57,RU,2021-08-05 02:28:17
106,Molteno,-31.3968,26.3625,47.39,46,24,8.08,ZA,2021-08-05 02:28:18
107,Kieta,-6.2167,155.6333,82.58,82,69,8.21,PG,2021-08-05 02:28:18
108,Kungurtug,50.5994,97.5228,70.63,42,71,1.3,RU,2021-08-05 02:28:18
109,Hami,42.8,93.45,92.89,9,77,6.51,CN,2021-08-05 02:28:18
110,Vestmannaeyjar,63.4427,-20.2734,55.53,85,98,9.82,IS,2021-08-05 02:24:17
111,West Wendover,40.7391,-114.0733,88.81,17,1,4.61,US,2021-08-05 02:28:19
112,Talnakh,69.4865,88.3972,75.99,46,4,3.51,RU,2021-08-05 02:28:19
113,Cidreira,-30.1811,-50.2056,58.91,95,100,9.42,BR,2021-08-05 02:28:19
114,Solnechnyy,50.7214,136.6319,61.16,86,100,2.24,RU,2021-08-05 02:28:19
115,Mana,5.6592,-53.7767,77.76,84,97,4.83,GF,2021-08-05 02:28:19
116,Biak,-0.9131,122.8766,82.13,69,84,5.3,ID,2021-08-05 02:28:20
117,Dikson,73.5069,80.5464,45.61,90,22,2.89,RU,2021-08-05 02:28:20
118,Kaeo,-35.1,173.7833,59.32,92,100,10.42,NZ,2021-08-05 02:28:20
119,Jalu,29.0331,21.5482,85.17,31,0,11.41,LY,2021-08-05 02:28:20
120,Woodward,36.4337,-99.3904,78.73,60,1,4.61,US,2021-08-05 02:28:21
121,Ninohe,40.2724,141.3061,91.4,50,2,4.25,JP,2021-08-05 02:28:21
122,Saldanha,-33.0117,17.9442,50.05,93,25,5.77,ZA,2021-08-05 02:28:21
123,Porto Novo,6.4965,2.6036,75.6,88,100,7.34,BJ,2021-08-05 02:28:21
124,Bitung,1.4451,125.1824,90.45,71,100,12.71,ID,2021-08-05 02:28:22
125,Torbay,47.6666,-52.7314,63.57,73,20,16.11,CA,2021-08-05 02:28:22
126,Esperance,-33.8667,121.9,57.04,73,0,7.36,AU,2021-08-05 02:28:22
127,Tallahassee,30.4383,-84.2807,80.53,89,90,3.44,US,2021-08-05 02:27:52
128,Morondava,-20.2833,44.2833,72.55,63,100,3.94,MG,2021-08-05 02:28:22
129,Odweyne,9.4092,45.064,70.86,52,4,12.59,SO,2021-08-05 02:28:22
130,Kaitangata,-46.2817,169.8464,51.93,73,100,13.15,NZ,2021-08-05 02:28:23
131,Verkhnevilyuysk,63.4453,120.3167,78.48,35,4,4.68,RU,2021-08-05 02:28:23
132,Pathalgaon,22.5667,83.4667,75.2,86,100,2.91,IN,2021-08-05 02:28:23
133,Abha,18.2164,42.5053,62.42,100,78,0.0,SA,2021-08-05 02:28:23
134,Jaumave,23.4167,-99.3833,73.96,89,95,1.3,MX,2021-08-05 02:28:24
135,Cherskiy,68.75,161.3,55.38,64,97,8.52,RU,2021-08-05 02:28:24
136,Bathsheba,13.2167,-59.5167,79.41,78,20,6.91,BB,2021-08-05 02:28:24
137,Matamoros,25.5333,-103.25,71.71,88,90,23.02,MX,2021-08-05 02:28:24
138,Leningradskiy,69.3833,178.4167,43.77,85,100,4.18,RU,2021-08-05 02:28:25
139,Hasaki,35.7333,140.8333,93.29,71,0,7.07,JP,2021-08-05 02:28:25
140,Dingle,10.9995,122.6711,87.55,64,98,16.53,PH,2021-08-05 02:24:21
141,Alofi,-19.0595,-169.9187,73.29,83,75,8.05,NU,2021-08-05 02:28:25
142,Luanda,-8.8368,13.2343,68.76,91,18,6.15,AO,2021-08-05 02:28:25
143,Dhidhdhoo,6.8833,73.1,81.57,79,100,12.5,MV,2021-08-05 02:28:25
144,Sibolga,1.7427,98.7792,81.54,72,96,0.85,ID,2021-08-05 02:28:26
145,Kapaa,22.0752,-159.319,84.52,74,20,5.01,US,2021-08-05 02:24:12
146,Laguna,38.421,-121.4238,96.62,38,1,4.0,US,2021-08-05 02:28:26
147,Maniitsoq,65.4167,-52.9,45.32,94,100,9.35,GL,2021-08-05 02:28:26
148,Severodvinsk,64.5635,39.8302,50.11,93,100,13.4,RU,2021-08-05 02:28:26
149,Ozernovskiy,51.5,156.5167,53.85,74,100,12.39,RU,2021-08-05 02:28:27
150,Touros,-5.1989,-35.4608,74.3,84,57,14.74,BR,2021-08-05 02:28:27
151,Gurgaon,28.4667,77.0333,88.25,58,75,4.61,IN,2021-08-05 02:28:27
152,Gongzhuling,43.5008,124.8198,80.11,75,100,19.91,CN,2021-08-05 02:28:27
153,Katima Mulilo,-17.5,24.2667,52.34,48,0,3.85,NA,2021-08-05 02:28:28
154,Muros,42.7762,-9.0603,63.23,93,18,5.73,ES,2021-08-05 02:28:28
155,Jamestown,42.097,-79.2353,65.52,77,66,1.99,US,2021-08-05 02:26:16
156,Saint-Pierre,-21.3393,55.4781,67.64,63,20,5.75,RE,2021-08-05 02:25:19
157,Bengkulu,-3.8004,102.2655,79.0,78,100,2.01,ID,2021-08-05 02:28:28
158,Henties Bay,-22.116,14.2845,55.85,83,12,5.91,NA,2021-08-05 02:28:28
159,Bubaque,11.2833,-15.8333,78.78,83,100,11.16,GW,2021-08-05 02:28:29
160,Kahului,20.8947,-156.47,84.22,63,40,26.46,US,2021-08-05 02:26:17
161,Abu Samrah,35.3029,37.1841,80.15,45,2,7.96,SY,2021-08-05 02:28:29
162,Umba,66.6871,34.3429,48.2,80,100,12.01,RU,2021-08-05 02:28:29
163,Chifeng,42.2683,118.9636,80.13,43,1,14.34,CN,2021-08-05 02:28:19
164,Muisne,0.6,-80.0333,74.57,88,94,6.4,EC,2021-08-05 02:28:29
165,Hofn,64.2539,-15.2082,52.79,86,38,0.65,IS,2021-08-05 02:28:29
166,Jyvaskyla,62.2415,25.7209,48.56,96,0,2.3,FI,2021-08-05 02:28:30
167,Pevek,69.7008,170.3133,43.21,84,62,19.8,RU,2021-08-05 02:24:50
168,Okha,53.5739,142.9478,56.17,83,100,15.3,RU,2021-08-05 02:28:30
169,Beringovskiy,63.05,179.3167,48.58,93,100,28.99,RU,2021-08-05 02:28:30
170,Sulina,45.1559,29.6536,75.04,84,7,8.61,RO,2021-08-05 02:28:30
171,Payakumbuh,-0.2202,100.6308,75.79,77,99,2.82,ID,2021-08-05 02:28:31
172,Fortuna,40.5982,-124.1573,62.85,90,90,11.5,US,2021-08-05 02:24:16
173,La Rioja,42.25,-2.5,55.18,92,10,3.29,ES,2021-08-05 02:27:10
174,San Jeronimo,-11.9472,-75.2829,46.8,72,78,2.68,PE,2021-08-05 02:28:31
175,Kodiak,57.79,-152.4072,62.11,72,90,3.44,US,2021-08-05 02:24:34
176,Port Hardy,50.6996,-127.4199,71.78,68,75,2.3,CA,2021-08-05 02:28:31
177,La Union,-5.4,-80.75,67.62,71,0,12.93,PE,2021-08-05 02:28:31
178,Dudinka,69.4058,86.1778,73.47,53,45,3.94,RU,2021-08-05 02:28:32
179,Walvis Bay,-22.9575,14.5053,56.08,93,2,4.61,NA,2021-08-05 02:28:32
180,North Platte,41.1239,-100.7654,73.29,68,90,4.61,US,2021-08-05 02:25:48
181,Japura,-0.3167,102.35,80.49,79,100,2.75,ID,2021-08-05 02:28:32
182,Real,14.6625,121.6047,91.42,72,96,13.42,PH,2021-08-05 02:28:32
183,Salalah,17.0151,54.0924,78.89,89,90,4.61,OM,2021-08-05 02:24:52
184,Praia Da Vitoria,38.7333,-27.0667,73.65,88,75,10.49,PT,2021-08-05 02:28:33
185,Ejido,8.5514,-71.2375,65.43,91,100,5.97,VE,2021-08-05 02:28:33
186,Pineville,31.3224,-92.4343,77.29,88,1,3.44,US,2021-08-05 02:28:33
187,Conceicao Do Araguaia,-8.2578,-49.2647,75.33,50,0,4.56,BR,2021-08-05 02:28:33
188,Chulym,55.0997,80.9572,61.52,90,96,4.56,RU,2021-08-05 02:28:34
189,Arraial Do Cabo,-22.9661,-42.0278,66.69,76,19,6.24,BR,2021-08-05 02:28:34
190,Clyde River,70.4692,-68.5914,35.83,100,90,9.22,CA,2021-08-05 02:24:35
191,Tarpon Springs,28.1461,-82.7568,81.95,85,40,1.99,US,2021-08-05 02:28:34
192,Nouadhibou,20.931,-17.0347,71.58,78,0,14.97,MR,2021-08-05 02:26:20
193,Burnie,-41.0667,145.9167,57.92,80,100,13.15,AU,2021-08-05 02:28:34
194,Pinawa,50.1489,-95.8811,66.45,76,100,7.63,CA,2021-08-05 02:28:34
195,North Bend,43.4065,-124.2243,69.24,97,90,8.05,US,2021-08-05 02:28:35
196,Prado,-17.3411,-39.2208,67.6,87,100,8.99,BR,2021-08-05 02:28:35
197,Asau,46.4333,26.4,66.4,89,70,4.43,RO,2021-08-05 02:28:35
198,Cabo San Lucas,22.8909,-109.9124,86.5,51,75,1.99,MX,2021-08-05 02:26:40
199,Hualmay,-11.0964,-77.6139,64.51,84,90,8.14,PE,2021-08-05 02:28:35
200,Pokhara,28.2333,83.9833,72.93,90,100,3.65,NP,2021-08-05 02:28:36
201,Bahia Honda,22.9036,-83.1592,80.1,83,100,7.29,CU,2021-08-05 02:28:36
202,Mar Del Plata,-38.0023,-57.5575,49.08,29,90,4.0,AR,2021-08-05 02:24:48
203,Rocha,-34.4833,-54.3333,46.35,95,7,5.84,UY,2021-08-05 02:28:36
204,Lorengau,-2.0226,147.2712,85.8,62,14,3.78,PG,2021-08-05 02:28:36
205,Sisimiut,66.9395,-53.6735,47.66,82,100,5.79,GL,2021-08-05 02:28:37
206,Campamento,14.55,-86.65,68.43,96,62,2.28,HN,2021-08-05 02:28:37
207,Abay,49.6311,72.8539,64.78,53,16,7.27,KZ,2021-08-05 02:28:37
208,Dunedin,-45.8742,170.5036,50.81,64,100,17.0,NZ,2021-08-05 02:25:30
209,Cockburn Town,21.4612,-71.1419,82.53,79,36,19.75,TC,2021-08-05 02:26:25
210,Black River,18.0264,-77.8487,82.4,78,6,4.43,JM,2021-08-05 02:28:37
211,Memphis,35.1495,-90.049,76.14,68,1,3.44,US,2021-08-05 02:24:32
212,Vizinga,61.0749,50.1031,54.3,81,70,5.66,RU,2021-08-05 02:28:38
213,Mayo,38.8876,-76.5119,73.22,83,1,0.0,US,2021-08-05 02:28:38
214,Zhanaozen,43.3,52.8,86.95,19,27,7.61,KZ,2021-08-05 02:28:38
215,Pimenta Bueno,-11.6725,-61.1936,73.0,44,9,3.49,BR,2021-08-05 02:28:38
216,Bardiyah,31.7561,25.0865,80.71,74,0,11.43,LY,2021-08-05 02:28:39
217,Zuwarah,32.9312,12.082,88.3,29,3,10.36,LY,2021-08-05 02:28:39
218,Nouakchott,18.0858,-15.9785,78.73,85,100,15.66,MR,2021-08-05 02:28:39
219,Knysna,-34.0363,23.0471,57.58,92,82,2.71,ZA,2021-08-05 02:28:39
220,Casino,-28.8667,153.05,66.15,32,0,6.91,AU,2021-08-05 02:28:39
221,Beloha,-25.1667,45.05,60.87,72,0,8.57,MG,2021-08-05 02:28:40
222,Pare,-7.7679,112.198,82.6,66,20,2.91,ID,2021-08-05 02:28:40
223,Tura,25.5198,90.2201,79.25,90,98,1.5,IN,2021-08-05 02:28:40
224,Bourail,-21.5667,165.4833,75.18,57,93,12.41,NC,2021-08-05 02:28:41
225,Bara,10.3744,10.7288,74.62,87,96,7.52,NG,2021-08-05 02:28:41
226,Khatanga,71.9667,102.5,72.75,32,72,14.58,RU,2021-08-05 02:24:27
227,Olafsvik,64.8945,-23.7142,54.25,84,95,2.89,IS,2021-08-05 02:28:41
228,Mariakani,-3.8633,39.4736,65.05,97,38,4.59,KE,2021-08-05 02:28:41
229,Cap Malheureux,-19.9842,57.6142,70.29,73,69,5.99,MU,2021-08-05 02:28:41
230,Massakory,12.996,15.7293,81.93,69,92,6.51,TD,2021-08-05 02:28:42
231,Ulladulla,-35.35,150.4667,64.87,44,87,7.29,AU,2021-08-05 02:28:42
232,Codrington,-38.2667,141.9667,54.84,83,100,13.62,AU,2021-08-05 02:28:42
233,Poum,-20.2333,164.0167,70.05,74,99,2.68,NC,2021-08-05 02:28:42
234,Narsaq,60.9167,-46.05,44.82,86,100,3.42,GL,2021-08-05 02:28:43
235,Iqaluit,63.7506,-68.5145,42.53,93,75,4.0,CA,2021-08-05 02:28:43
236,Ketchikan,55.3422,-131.6461,61.27,94,90,13.8,US,2021-08-05 02:28:43
237,Naregal,15.5833,75.8167,73.09,81,100,18.34,IN,2021-08-05 02:28:43
238,Bodden Town,19.2833,-81.25,84.2,82,20,1.99,KY,2021-08-05 02:28:44
239,Shingu,33.7333,135.9833,85.19,70,0,8.19,JP,2021-08-05 02:28:44
240,Rockland,41.1668,-74.0496,70.43,85,100,3.98,US,2021-08-05 02:28:44
241,Kamenka,51.3223,42.7678,62.04,67,45,3.13,RU,2021-08-05 02:28:44
242,Saint-Augustin,51.226,-58.6502,59.85,67,0,4.76,CA,2021-08-05 02:26:12
243,Cedar City,37.6775,-113.0619,86.97,14,1,5.75,US,2021-08-05 02:28:44
244,Chipinge,-20.1883,32.6236,49.66,86,0,2.37,ZW,2021-08-05 02:28:45
245,Casper,42.8666,-106.3131,76.01,42,1,5.75,US,2021-08-05 02:27:59
246,Horta,38.5333,-28.6333,71.76,89,0,5.28,PT,2021-08-05 02:28:45
247,Saint George,37.1041,-113.5841,106.39,10,1,1.01,US,2021-08-05 02:28:45
248,Nioro,13.35,-15.75,76.5,93,100,4.99,GM,2021-08-05 02:28:45
249,Drumheller,51.4617,-112.7101,73.26,88,9,5.75,CA,2021-08-05 02:28:46
250,Alta,69.9689,23.2717,49.24,85,99,7.11,NO,2021-08-05 02:28:46
251,Mariana,-20.3778,-43.4161,54.09,92,88,2.21,BR,2021-08-05 02:28:46
252,Yatou,37.15,122.3833,84.31,69,1,10.49,CN,2021-08-05 02:28:46
253,Vila Velha,-20.3297,-40.2925,67.95,83,75,10.36,BR,2021-08-05 02:28:47
254,Urusha,54.05,122.9,59.36,98,100,2.95,RU,2021-08-05 02:28:47
255,Malkangiri,18.35,81.9,78.53,87,93,4.18,IN,2021-08-05 02:28:47
256,San Quintin,30.4833,-115.95,70.29,79,5,16.55,MX,2021-08-05 02:28:47
257,Savinka,50.0785,47.0994,67.48,72,89,7.63,RU,2021-08-05 02:28:47
258,Grants,35.1473,-107.8514,71.83,35,1,4.61,US,2021-08-05 02:28:48
259,Taunggyi,20.7833,97.0333,64.35,96,100,3.13,MM,2021-08-05 02:28:48
260,Muhos,64.808,25.9931,51.58,80,100,5.08,FI,2021-08-05 02:28:48
261,Bandarbeyla,9.4942,50.8122,78.06,72,39,25.72,SO,2021-08-05 02:24:26
262,Necochea,-38.5473,-58.7368,48.04,70,0,10.13,AR,2021-08-05 02:28:48
263,Caucaia,-3.7361,-38.6531,80.55,77,75,11.5,BR,2021-08-05 02:28:49
264,Atambua,-9.1061,124.8925,83.19,51,12,5.01,ID,2021-08-05 02:28:49
265,Becerril,9.7041,-73.2793,77.49,78,79,4.79,CO,2021-08-05 02:28:49
266,Soyo,-6.1349,12.3689,71.67,89,15,5.79,AO,2021-08-05 02:28:49
267,Denpasar,-8.65,115.2167,82.06,83,40,14.97,ID,2021-08-05 02:25:04
268,San Patricio,28.017,-97.5169,84.92,73,93,7.27,US,2021-08-05 02:28:50
269,Wilmington,34.2257,-77.9447,71.94,96,90,6.91,US,2021-08-05 02:28:50
270,Masumbwe,-3.6333,32.1833,65.75,61,5,5.21,TZ,2021-08-05 02:28:50
271,Teguise,29.0605,-13.564,66.42,83,0,13.8,ES,2021-08-05 02:28:50
272,Airai,-8.9266,125.4092,72.3,49,19,6.4,TL,2021-08-05 02:28:50
273,Labuhan,-6.8844,112.2051,82.72,70,22,5.77,ID,2021-08-05 02:28:51
274,Zhicheng,30.2956,111.5047,88.66,65,4,9.46,CN,2021-08-05 02:28:51
275,Tecpan,14.7623,-90.9947,54.72,98,100,1.21,GT,2021-08-05 02:28:51
276,Camacha,33.0833,-16.3333,70.56,78,75,17.27,PT,2021-08-05 02:28:51
277,Georgetown,5.4112,100.3354,81.9,78,20,1.01,MY,2021-08-05 02:28:52
278,Cap-Aux-Meules,47.3821,-61.8597,62.65,88,20,5.75,CA,2021-08-05 02:28:52
279,Gat,31.61,34.7642,84.4,45,0,3.02,IL,2021-08-05 02:28:52
280,Hermanus,-34.4187,19.2345,52.9,95,38,8.3,ZA,2021-08-05 02:28:52
281,Tiarei,-17.5333,-149.3333,82.42,75,26,12.12,PF,2021-08-05 02:28:52
282,Xingyi,24.1877,102.817,72.7,71,11,1.07,CN,2021-08-05 02:28:53
283,Sal Rei,16.1833,-22.9167,75.76,93,100,8.79,CV,2021-08-05 02:28:53
284,Starychi,49.98,23.5585,63.14,93,90,4.88,UA,2021-08-05 02:28:53
285,Harper,4.375,-7.7169,75.88,85,100,11.61,LR,2021-08-05 02:28:53
286,Aleksandrovsk-Sakhalinskiy,50.8975,142.1561,56.7,95,100,3.22,RU,2021-08-05 02:28:54
287,Nuevo Progreso,23.1667,-97.95,81.59,83,88,4.63,MX,2021-08-05 02:28:54
288,Zhuhai,22.2769,113.5678,85.05,89,40,6.91,CN,2021-08-05 02:28:54
289,Mitsamiouli,-11.3847,43.2844,74.25,73,0,2.24,KM,2021-08-05 02:28:54
290,Zvenyhorodka,49.0787,30.9675,62.76,83,95,6.06,UA,2021-08-05 02:28:54
291,Maneadero,31.7167,-116.5667,71.19,81,25,1.99,MX,2021-08-05 02:28:55
292,Fuquay-Varina,35.5843,-78.8,72.93,82,31,1.01,US,2021-08-05 02:27:19
293,Lufilufi,-13.8745,-171.5986,85.78,75,83,10.92,WS,2021-08-05 02:28:55
294,Iracoubo,5.4802,-53.2011,78.13,83,72,5.61,GF,2021-08-05 02:28:55
295,Lagoa,39.05,-27.9833,71.85,92,0,11.65,PT,2021-08-05 02:28:55
296,Ayagoz,47.9714,80.4392,70.38,40,100,12.64,KZ,2021-08-05 02:28:56
297,Tevaitoa,-16.7833,-151.5,79.61,71,38,14.54,PF,2021-08-05 02:28:56
298,Rawson,-43.3002,-65.1023,62.98,33,8,33.89,AR,2021-08-05 02:28:56
299,Souillac,-20.5167,57.5167,70.18,56,75,11.5,MU,2021-08-05 02:28:56
300,Belaya Gora,68.5333,146.4167,42.4,88,100,13.71,RU,2021-08-05 02:28:56
301,Ponta Do Sol,32.6667,-17.1,74.03,80,2,3.24,PT,2021-08-05 02:28:57
302,Yar-Sale,66.8333,70.8333,65.61,61,76,3.0,RU,2021-08-05 02:28:57
303,Cabedelo,-6.9811,-34.8339,72.27,89,29,12.57,BR,2021-08-05 02:27:04
304,Morro Bay,35.3658,-120.8499,73.58,77,25,3.0,US,2021-08-05 02:26:25
305,Maungatapere,-35.75,174.2,58.08,71,100,5.37,NZ,2021-08-05 02:28:57
306,Kedougou,12.5579,-12.1743,73.49,97,100,3.33,SN,2021-08-05 02:28:57
307,Tasiilaq,65.6145,-37.6368,46.56,79,98,1.12,GL,2021-08-05 02:28:58
308,Nuuk,64.1835,-51.7216,48.81,87,90,10.36,GL,2021-08-05 02:27:00
309,Grindavik,63.8424,-22.4338,54.07,100,75,3.44,IS,2021-08-05 02:28:58
310,Saskylakh,71.9167,114.0833,64.4,32,25,13.91,RU,2021-08-05 02:28:58
311,Barcelona,41.3888,2.159,72.61,83,20,1.01,ES,2021-08-05 02:25:30
312,Kalinovskaya,43.5758,45.5192,76.28,55,84,9.06,RU,2021-08-05 02:28:58
313,Kurilsk,45.2333,147.8833,63.39,97,100,2.57,RU,2021-08-05 02:28:59
314,Ola,59.5833,151.2833,56.59,45,88,2.98,RU,2021-08-05 02:28:59
315,Banjarmasin,-3.3244,114.591,86.14,57,47,3.78,ID,2021-08-05 02:28:59
316,Calbuco,-41.768,-73.1273,52.81,78,100,11.03,CL,2021-08-05 02:28:59
317,Tubmanburg,6.8708,-10.8172,72.18,97,100,1.5,LR,2021-08-05 02:29:00
318,San Vicente,-26.6167,-54.1333,51.53,67,71,3.58,AR,2021-08-05 02:29:00
319,Marau,-28.4492,-52.2,49.5,94,96,3.67,BR,2021-08-05 02:29:00
320,Aksu,41.1231,80.2644,79.25,36,100,5.28,CN,2021-08-05 02:29:00
321,Suntar,62.1444,117.6319,74.79,53,99,8.19,RU,2021-08-05 02:29:01
322,Batemans Bay,-35.7167,150.1833,66.09,39,63,7.56,AU,2021-08-05 02:29:01
323,Caravelas,-17.7125,-39.2481,69.22,82,100,10.45,BR,2021-08-05 02:29:01
324,Constitucion,-35.3333,-72.4167,52.63,84,100,10.92,CL,2021-08-05 02:24:49
325,Alugan,12.2188,125.4808,89.01,59,100,9.13,PH,2021-08-05 02:29:01
326,Miles City,46.4083,-105.8406,81.57,41,1,6.91,US,2021-08-05 02:29:02
327,Ahipara,-35.1667,173.1667,59.13,76,100,11.56,NZ,2021-08-05 02:29:02
328,Fershampenuaz,53.5202,59.8117,68.86,66,32,5.55,RU,2021-08-05 02:29:02
329,College,64.8569,-147.8028,82.58,44,40,8.05,US,2021-08-05 02:29:02
330,Progreso,21.2833,-89.6667,82.51,81,9,18.3,MX,2021-08-05 02:29:02
331,Smidovich,48.6,133.8167,68.61,85,100,8.52,RU,2021-08-05 02:24:07
332,Bayir,37.2687,28.2167,70.32,33,0,5.08,TR,2021-08-05 02:29:03
333,Kavieng,-2.5744,150.7967,83.68,71,23,4.94,PG,2021-08-05 02:29:03
334,Svetlogorsk,52.6333,29.7333,58.6,95,95,6.22,BY,2021-08-05 02:29:03
335,Miyako,39.6367,141.9525,84.56,70,2,5.7,JP,2021-08-05 02:29:04
336,Gusinoye Ozero,51.1144,106.2614,72.45,53,2,4.47,RU,2021-08-05 02:29:04
337,Alyangula,-13.8483,136.4192,76.87,47,36,12.66,AU,2021-08-05 02:29:04
338,Port Lincoln,-34.7333,135.8667,58.24,71,84,13.69,AU,2021-08-05 02:26:05
339,Copiapo,-27.3667,-70.3333,46.09,60,0,1.12,CL,2021-08-05 02:29:04
340,Gimli,50.6336,-96.9907,69.82,83,84,11.5,CA,2021-08-05 02:29:05
341,Hirara,24.8,125.2833,88.07,79,75,18.41,JP,2021-08-05 02:26:26
342,Kargil,34.5667,76.1,56.55,56,37,5.01,IN,2021-08-05 02:29:05
343,Da Lat,11.9465,108.4419,65.61,88,100,6.96,VN,2021-08-05 02:29:05
344,Lasa,46.6166,10.7002,54.48,98,100,5.64,IT,2021-08-05 02:24:36
345,Pisco,-13.7,-76.2167,62.65,82,90,5.75,PE,2021-08-05 02:29:06
346,Pringsewu,-5.3582,104.9744,83.14,68,79,0.98,ID,2021-08-05 02:29:06
347,Sistranda,63.7256,8.834,56.89,73,100,6.02,NO,2021-08-05 02:27:19
348,Nemuro,43.3236,145.575,84.63,93,100,5.46,JP,2021-08-05 02:25:10
349,Myingyan,21.4667,95.3833,80.85,82,96,8.9,MM,2021-08-05 02:29:06
350,Isangel,-19.55,169.2667,78.91,61,40,5.75,VU,2021-08-05 02:29:06
351,Jackson,42.4165,-122.8345,91.27,33,90,3.44,US,2021-08-05 02:27:59
352,Maraa,-1.8333,-65.3667,71.58,95,98,3.6,BR,2021-08-05 02:29:07
353,Gasa,31.5,34.4667,76.17,62,0,1.92,PS,2021-08-05 02:29:07
354,Nicoya,10.1483,-85.452,78.35,89,100,2.64,CR,2021-08-05 02:29:07
355,Preobrazheniye,42.9019,133.9064,81.82,75,93,9.13,RU,2021-08-05 02:29:07
356,Ouargaye,11.5033,0.0572,77.22,78,95,6.49,BF,2021-08-05 02:29:08
357,Moron,-34.6534,-58.6198,51.98,97,1,0.0,AR,2021-08-05 02:24:16
358,Bosaso,11.2842,49.1816,90.54,40,22,19.22,SO,2021-08-05 02:28:50
359,Dovers,12.8833,-61.1833,81.5,75,7,13.29,VC,2021-08-05 02:29:08
360,Leh,34.1667,77.5833,59.76,56,9,5.03,IN,2021-08-05 02:29:08
361,Winona,43.9666,-91.7668,75.0,74,1,0.0,US,2021-08-05 02:28:11
362,Neryungri,56.6709,124.6491,65.14,84,100,3.0,RU,2021-08-05 02:29:08
363,Heihe,50.2441,127.4902,72.18,91,100,11.12,CN,2021-08-05 02:29:09
364,Faanui,-16.4833,-151.75,79.75,71,52,14.14,PF,2021-08-05 02:29:09
365,Adrar,20.5022,-10.0711,88.72,17,4,13.42,MR,2021-08-05 02:24:10
366,Rio Gallegos,-51.6226,-69.2181,51.85,37,0,8.05,AR,2021-08-05 02:29:09
367,Williamsport,41.2412,-77.0011,69.82,74,75,0.0,US,2021-08-05 02:27:22
368,Kilindoni,-7.9139,39.6668,74.64,72,2,11.41,TZ,2021-08-05 02:29:09
369,Kenai,60.5544,-151.2583,61.14,82,75,8.05,US,2021-08-05 02:25:52
370,Toamasina,-18.1667,49.3833,71.6,78,75,9.22,MG,2021-08-05 02:29:10
371,Dauphin,51.1494,-100.0502,66.34,94,90,11.5,CA,2021-08-05 02:26:02
372,Klaksvik,62.2266,-6.589,52.72,98,100,6.87,FO,2021-08-05 02:29:10
373,Half Moon Bay,37.4636,-122.4286,76.12,78,1,20.71,US,2021-08-05 02:29:01
374,Samarkand,39.6542,66.9597,76.42,38,0,2.3,UZ,2021-08-05 02:29:10
375,Oranjemund,-28.55,16.4333,52.74,91,0,5.19,NA,2021-08-05 02:29:10
376,Shakawe,-18.3667,21.85,53.04,40,0,5.48,BW,2021-08-05 02:29:11
377,Vrangel,42.7297,133.0839,78.94,84,85,5.35,RU,2021-08-05 02:29:11
378,Korla,41.7597,86.1469,86.76,20,8,9.91,CN,2021-08-05 02:29:11
379,Lingao,19.9103,109.6859,86.83,71,100,17.76,CN,2021-08-05 02:29:11
380,Astoria,46.1879,-123.8313,85.75,86,1,3.0,US,2021-08-05 02:29:11
381,Ostrovnoy,68.0531,39.5131,48.72,92,100,22.24,RU,2021-08-05 02:29:12
382,Nevelsk,46.6733,141.8633,68.43,86,99,4.65,RU,2021-08-05 02:29:12
383,Turayf,31.6725,38.6637,77.25,47,0,9.22,SA,2021-08-05 02:29:12
384,Fukue,32.6881,128.8419,89.96,62,75,6.91,JP,2021-08-05 02:29:12
385,Nova Vicosa,-17.8919,-39.3719,69.87,81,100,13.89,BR,2021-08-05 02:29:13
386,Byron Bay,-28.65,153.6167,69.06,36,0,6.82,AU,2021-08-05 02:25:21
387,Marandahalli,12.4,78.0,77.29,70,91,16.58,IN,2021-08-05 02:29:13
388,Long,18.0761,99.8326,85.44,93,97,2.89,TH,2021-08-05 02:29:13
389,Stepnyak,52.8339,70.7803,66.65,58,60,4.9,KZ,2021-08-05 02:29:13
390,Ferrol,43.4832,-8.2369,63.68,84,35,8.68,ES,2021-08-05 02:29:14
391,Koumac,-20.5667,164.2833,72.16,64,96,5.17,NC,2021-08-05 02:29:14
392,Simpang,-1.2667,104.0833,78.64,84,100,3.6,ID,2021-08-05 02:29:14
393,Yueyang,29.3333,113.0919,89.96,64,1,13.67,CN,2021-08-05 02:29:14
394,Nanortalik,60.1432,-45.2371,44.56,97,100,5.32,GL,2021-08-05 02:29:15
395,Ati,13.2154,18.3353,81.97,59,99,6.58,TD,2021-08-05 02:29:15
396,Jumla,29.2747,82.1838,65.28,92,98,2.3,NP,2021-08-05 02:29:15
397,Misratah,32.3754,15.0925,84.13,63,0,9.75,LY,2021-08-05 02:29:15
398,Luba,3.4568,8.5547,76.89,86,27,7.9,GQ,2021-08-05 02:29:16
399,Port Moresby,-9.4431,147.1797,81.82,74,75,11.5,PG,2021-08-05 02:25:38
400,Rovinj,45.08,13.64,73.89,67,78,8.3,HR,2021-08-05 02:29:16
401,Kaduna,10.5222,7.4383,69.84,96,100,6.35,NG,2021-08-05 02:29:16
402,Mumford,5.2618,-0.759,75.15,90,77,8.52,GH,2021-08-05 02:29:16
403,Hede,33.7681,120.2517,84.25,70,70,8.93,CN,2021-08-05 02:29:16
404,Matara,5.9485,80.5353,79.7,84,98,12.08,LK,2021-08-05 02:29:17
405,Yakeshi,49.2833,120.7333,64.62,79,85,11.25,CN,2021-08-05 02:29:17
406,Bongouanou,6.6486,-4.1992,70.59,98,95,3.53,CI,2021-08-05 02:29:17
407,Petapa,14.5028,-90.5517,67.35,94,75,4.61,GT,2021-08-05 02:29:17
408,Ruston,32.5232,-92.6379,74.3,75,20,4.27,US,2021-08-05 02:29:18
409,Bend,44.0582,-121.3153,91.26,23,1,1.99,US,2021-08-05 02:27:34
410,Baykit,61.67,96.37,76.51,45,83,3.78,RU,2021-08-05 02:29:18
411,Teknaf,20.8624,92.3058,79.43,87,79,10.49,BD,2021-08-05 02:29:18
412,Hamilton,39.1834,-84.5333,73.0,70,20,0.0,US,2021-08-05 02:27:21
413,Baishishan,43.5833,127.5667,79.9,67,98,10.38,CN,2021-08-05 02:29:18
414,Provideniya,64.3833,-173.3,59.11,67,75,15.66,RU,2021-08-05 02:29:19
415,Surt,31.2089,16.5887,83.07,66,0,8.37,LY,2021-08-05 02:29:19
416,Tocopilla,-22.092,-70.1979,62.46,56,0,1.95,CL,2021-08-05 02:29:19
417,Coquimbo,-29.9533,-71.3436,55.13,87,90,9.22,CL,2021-08-05 02:29:19
418,Igarka,67.4667,86.5833,70.74,55,7,4.36,RU,2021-08-05 02:29:20
419,Tadine,-21.55,167.8833,73.67,60,87,11.05,NC,2021-08-05 02:29:20
420,Saint-Paul,-21.0096,55.2707,68.09,75,94,3.29,RE,2021-08-05 02:29:20
421,La Ronge,55.1001,-105.2842,64.65,72,75,2.3,CA,2021-08-05 02:29:20
422,Sechura,-5.5569,-80.8222,66.24,77,0,13.27,PE,2021-08-05 02:29:21
423,Uvat,59.1433,68.8953,65.12,69,2,2.3,RU,2021-08-05 02:29:21
424,Shihezi,44.3,86.0333,88.79,20,83,4.41,CN,2021-08-05 02:29:21
425,Glenwood Springs,39.5505,-107.3248,81.52,52,1,3.44,US,2021-08-05 02:29:21
426,Zabol,32.25,67.25,74.48,13,0,4.36,AF,2021-08-05 02:29:21
427,Shubarkuduk,49.1447,56.4872,81.52,29,97,5.39,KZ,2021-08-05 02:26:07
428,Nanakuli,21.3906,-158.1547,87.75,58,20,16.11,US,2021-08-05 02:29:22
429,Cabras,39.93,8.5314,71.08,81,48,5.39,IT,2021-08-05 02:29:22
430,Kununurra,-15.7667,128.7333,76.98,16,99,16.11,AU,2021-08-05 02:29:22
431,Ust-Kuyga,70.0167,135.6,59.25,43,0,22.7,RU,2021-08-05 02:24:54
432,Vila Franca Do Campo,37.7167,-25.4333,72.01,90,15,5.39,PT,2021-08-05 02:25:15
433,Sola,-13.8833,167.55,76.93,77,57,7.07,VU,2021-08-05 02:29:22
434,Meulaboh,4.1363,96.1285,78.42,80,100,3.13,ID,2021-08-05 02:29:23
435,Basco,20.4487,121.9702,83.7,84,98,34.18,PH,2021-08-05 02:29:23
436,Deputatskiy,69.3,139.9,47.73,60,95,15.86,RU,2021-08-05 02:29:23
437,Lokosovo,61.1333,74.8167,62.64,86,95,4.45,RU,2021-08-05 02:29:23
438,Puerto Escondido,15.85,-97.0667,81.43,69,75,0.0,MX,2021-08-05 02:29:24
439,Alta Floresta,-9.8756,-56.0861,72.19,40,4,4.09,BR,2021-08-05 02:29:24
440,Gwadar,25.1216,62.3254,81.03,87,1,5.1,PK,2021-08-05 02:29:24
441,Fairbanks,64.8378,-147.7164,84.2,42,1,5.75,US,2021-08-05 02:25:18
442,Luderitz,-26.6481,15.1594,55.35,81,39,4.16,NA,2021-08-05 02:24:59
443,Raudeberg,61.9875,5.1352,55.2,79,100,11.1,NO,2021-08-05 02:29:24
444,Acapulco,16.8634,-99.8901,82.22,78,90,0.0,MX,2021-08-05 02:28:33
445,Saint-Francois,46.4154,3.9054,62.04,96,75,4.61,FR,2021-08-05 02:29:25
446,Puerto Ayacucho,5.6639,-67.6236,71.47,95,100,3.96,VE,2021-08-05 02:29:25
447,Asyut,27.181,31.1837,86.18,17,0,0.51,EG,2021-08-05 02:29:25
448,Grimshaw,56.1834,-117.6027,83.1,47,20,14.97,CA,2021-08-05 02:29:25
449,Bundibugyo,0.7414,30.0417,65.88,88,3,2.66,UG,2021-08-05 02:29:25
450,Disna,55.568,28.1971,55.08,98,100,8.3,BY,2021-08-05 02:29:26
451,Eseka,3.65,10.7667,71.89,99,99,2.53,CM,2021-08-05 02:29:26
452,Udachnyy,66.4167,112.4,67.68,33,9,15.64,RU,2021-08-05 02:29:26
453,Puerto Del Rosario,28.5004,-13.8627,71.35,73,39,16.11,ES,2021-08-05 02:29:26
454,Huarmey,-10.0681,-78.1522,65.05,87,6,6.78,PE,2021-08-05 02:24:57
455,Cavalcante,-13.7975,-47.4583,67.26,39,58,6.08,BR,2021-08-05 02:29:27
456,Husavik,66.0449,-17.3389,49.91,87,88,4.41,IS,2021-08-05 02:29:27
457,Sao Joao Da Barra,-21.6403,-41.0511,64.0,86,21,10.2,BR,2021-08-05 02:29:27
458,Cleburne,32.3476,-97.3867,84.38,66,1,6.91,US,2021-08-05 02:29:27
459,Sao Jose Da Coroa Grande,-8.8978,-35.1478,72.03,90,59,9.95,BR,2021-08-05 02:29:27
460,Vostok,46.4856,135.8833,78.33,65,28,3.85,RU,2021-08-05 02:29:28
461,Pierre,44.3683,-100.351,77.86,61,1,1.99,US,2021-08-05 02:29:28
462,Baruun-Urt,46.6806,113.2792,62.29,68,99,5.53,MN,2021-08-05 02:29:28
463,Hasanabad,36.5465,61.0543,79.02,34,0,0.0,IR,2021-08-05 02:29:28
464,Prince Rupert,54.3161,-130.3201,60.89,94,90,12.66,CA,2021-08-05 02:25:01
465,Fort Nelson,58.8053,-122.7002,65.79,77,90,4.61,CA,2021-08-05 02:29:29
466,Kembe,4.6228,21.8865,68.59,96,98,3.06,CF,2021-08-05 02:29:29
467,Joensuu,62.6012,29.7632,45.09,100,0,1.14,FI,2021-08-05 02:29:29
468,Purpe,64.4803,76.6897,65.43,72,88,7.56,RU,2021-08-05 02:29:29
469,Bartica,6.4,-58.6167,75.52,98,24,1.7,GY,2021-08-05 02:29:30
470,Roald,62.5833,6.1333,56.34,87,20,8.05,NO,2021-08-05 02:25:27
471,Naze,28.3667,129.4833,85.12,86,31,22.21,JP,2021-08-05 02:29:30
472,Yuzhou,34.1628,113.4639,84.47,69,68,4.52,CN,2021-08-05 02:29:30
473,Kasongo-Lunda,-6.4667,16.8167,67.69,38,0,1.34,CD,2021-08-05 02:29:30
474,Wicklow,53.0,-6.4167,54.1,95,96,8.01,IE,2021-08-05 02:29:31
475,Santa Fe,-31.6333,-60.7,57.99,61,0,1.99,AR,2021-08-05 02:28:03
476,Khandyga,62.6667,135.6,77.27,25,20,5.28,RU,2021-08-05 02:29:31
477,Namie,37.4833,141.0,93.72,78,3,1.01,JP,2021-08-05 02:29:31
478,Aripuana,-9.1667,-60.6333,72.72,46,1,2.24,BR,2021-08-05 02:29:31
479,Pascagoula,30.3658,-88.5561,82.42,89,100,4.41,US,2021-08-05 02:29:31
480,Honningsvag,70.9821,25.9704,48.22,87,95,10.63,NO,2021-08-05 02:29:32
481,Merauke,-8.4667,140.3333,81.54,72,73,12.48,ID,2021-08-05 02:25:26
482,Hobyo,5.3505,48.5268,76.06,86,100,24.49,SO,2021-08-05 02:29:32
483,Baturaja,-4.1333,104.1667,82.83,67,100,3.33,ID,2021-08-05 02:29:32
484,Satipo,-11.2522,-74.6386,72.05,60,99,1.79,PE,2021-08-05 02:29:32
485,Jacareacanga,-6.2222,-57.7528,74.41,42,2,1.77,BR,2021-08-05 02:29:33
486,Nabire,-3.3667,135.4833,75.43,93,100,2.68,ID,2021-08-05 02:25:26
487,Mount Gambier,-37.8333,140.7667,57.11,88,90,14.97,AU,2021-08-05 02:29:33
488,Hovd,48.0056,91.6419,74.75,26,53,5.75,MN,2021-08-05 02:29:33
489,Yellandu,17.6,80.3333,78.91,80,98,9.13,IN,2021-08-05 02:29:33
490,Metro,-5.1131,105.3067,82.85,70,93,4.65,ID,2021-08-05 02:27:07
491,Shirokiy,49.758,129.523,75.16,81,100,8.88,RU,2021-08-05 02:25:27
492,Villa Constitucion,-33.2278,-60.3297,51.12,82,0,5.06,AR,2021-08-05 02:29:34
493,Saint Anthony,45.0205,-93.218,77.94,57,1,4.0,US,2021-08-05 02:29:34
494,Mokhsogollokh,61.4681,128.9203,76.98,34,100,4.43,RU,2021-08-05 02:29:34
495,Sogne,58.0833,7.8167,53.69,1,92,3.53,NO,2021-08-05 02:29:34
496,Kailua,21.4022,-157.7394,87.78,65,75,16.11,US,2021-08-05 02:29:34
497,Izhma,65.0083,53.9113,60.22,75,82,4.94,RU,2021-08-05 02:29:35
498,Tamworth,52.634,-1.6959,58.48,82,100,3.0,GB,2021-08-05 02:29:35
499,Axim,4.8699,-2.2405,75.56,88,39,7.36,GH,2021-08-05 02:29:35
500,Ustye,59.6304,39.736,48.96,71,87,0.58,RU,2021-08-05 02:29:35
501,Jinchang,38.4953,102.1739,76.86,24,0,3.98,CN,2021-08-05 02:29:36
502,Kathor,21.3,72.9333,82.2,83,100,11.83,IN,2021-08-05 02:29:36
503,Ancud,-41.8697,-73.8203,50.23,88,100,14.29,CL,2021-08-05 02:24:40
504,Sorong,-0.8833,131.25,80.76,81,95,14.47,ID,2021-08-05 02:29:36
505,Anadyr,64.75,177.4833,73.9,46,0,29.08,RU,2021-08-05 02:29:36
506,Mao,39.8885,4.2658,73.96,83,0,6.91,ES,2021-08-05 02:29:37
507,Rajapur,25.3833,81.15,80.42,80,99,9.06,IN,2021-08-05 02:29:37
508,Ulagan,50.6321,87.9563,58.98,83,39,2.06,RU,2021-08-05 02:29:37
509,Katsuura,35.1333,140.3,89.71,69,1,9.69,JP,2021-08-05 02:29:37
510,Padang,-0.9492,100.3543,82.45,72,100,2.62,ID,2021-08-05 02:29:38
511,Marzuq,14.4,46.4667,78.06,66,23,7.11,YE,2021-08-05 02:24:52
512,Bonavista,48.6499,-53.1147,63.12,73,100,4.18,CA,2021-08-05 02:29:38
513,Larsnes,62.2028,5.5773,56.01,84,100,4.83,NO,2021-08-05 02:29:38
514,Las Vegas,36.175,-115.1372,109.76,10,20,1.01,US,2021-08-05 02:28:51
515,Catuday,16.2923,119.8062,81.9,83,99,24.4,PH,2021-08-05 02:29:38
516,Vila,42.0304,-8.1588,53.33,93,2,2.06,PT,2021-08-05 02:29:38
517,Dicabisagan,17.0818,122.4157,90.81,60,53,12.15,PH,2021-08-05 02:29:39
518,Emerald,-23.5333,148.1667,66.34,30,0,12.66,AU,2021-08-05 02:29:39
519,Erzin,36.9559,36.2,81.32,74,0,1.48,TR,2021-08-05 02:29:39
520,Nantucket,41.2835,-70.0995,67.03,96,100,25.43,US,2021-08-05 02:29:39
521,Berlevag,70.8578,29.0864,47.08,91,100,19.82,NO,2021-08-05 02:29:40
522,Ostersund,63.1792,14.6357,54.05,58,99,10.36,SE,2021-08-05 02:29:40
523,Lishui,28.4604,119.9103,78.55,97,100,1.83,CN,2021-08-05 02:29:40
524,Juneau,58.3019,-134.4197,64.4,89,90,0.0,US,2021-08-05 02:28:00
525,Manavalakurichi,8.1333,77.3,78.89,79,100,13.8,IN,2021-08-05 02:29:40
526,Pitimbu,-7.4706,-34.8086,72.19,88,60,10.71,BR,2021-08-05 02:28:26
527,Simiti,7.9579,-73.9436,77.67,80,26,3.31,CO,2021-08-05 02:29:41
528,Havre-Saint-Pierre,50.2334,-63.5986,57.2,93,1,9.22,CA,2021-08-05 02:29:41
529,Chitipa,-9.7024,33.2697,53.51,91,21,6.11,MW,2021-08-05 02:29:41
530,Salamiyah,35.0113,37.0532,78.93,47,7,7.18,SY,2021-08-05 02:29:41
531,Abtenau,47.5637,13.346,60.51,100,100,3.89,AT,2021-08-05 02:29:42
532,Moyobamba,-6.05,-76.9667,62.8,80,4,2.24,PE,2021-08-05 02:29:42
533,Roswell,34.0232,-84.3616,75.4,90,90,3.44,US,2021-08-05 02:29:42
534,Oriximina,-1.7656,-55.8661,78.35,69,4,2.95,BR,2021-08-05 02:27:53
535,Mehamn,71.0357,27.8492,47.05,92,100,16.33,NO,2021-08-05 02:29:42
536,Normandin,48.8333,-72.5321,57.51,88,0,0.0,CA,2021-08-05 02:29:42
537,Mandalgovi,45.7625,106.2708,65.59,48,0,9.71,MN,2021-08-05 02:29:43
538,Barra Dos Coqueiros,-10.9089,-37.0386,75.22,73,20,10.36,BR,2021-08-05 02:29:43
539,Sioux Lookout,50.1001,-91.917,75.27,57,90,2.3,CA,2021-08-05 02:26:17
540,Warrnambool,-38.3833,142.4833,54.81,82,100,16.42,AU,2021-08-05 02:26:15
541,Batie,9.8833,-2.9167,72.64,92,88,5.64,BF,2021-08-05 02:29:43
542,Eslov,55.8393,13.3039,54.63,94,0,3.09,SE,2021-08-05 02:29:43
543,Podor,16.6527,-14.9587,83.66,67,93,16.35,MR,2021-08-05 02:29:44
544,Tecozautla,20.5333,-99.6333,66.76,85,96,8.46,MX,2021-08-05 02:29:44
545,Bere,9.3202,16.1552,72.97,91,90,3.27,TD,2021-08-05 02:29:44
546,Ilesha,7.1371,5.2583,70.57,99,100,2.46,NG,2021-08-05 02:29:44
547,Skibbereen,51.55,-9.2667,58.8,97,100,23.55,IE,2021-08-05 02:29:45
548,Soyaux,45.65,0.2,60.78,92,90,5.75,FR,2021-08-05 02:29:45
549,Watertown,42.3709,-71.1828,68.34,88,90,1.01,US,2021-08-05 02:28:43
550,Bhopal,23.2667,77.4,73.63,100,90,16.11,IN,2021-08-05 02:29:45
551,Hedensted,55.7704,9.7011,55.09,89,13,2.33,DK,2021-08-05 02:29:45
552,Semnan,35.5729,53.3971,78.12,35,80,6.22,IR,2021-08-05 02:29:46
553,Olenino,56.2092,33.4889,53.87,82,100,4.52,RU,2021-08-05 02:29:46
554,Mount Isa,-20.7333,139.5,65.97,22,18,14.97,AU,2021-08-05 02:29:46
555,Asosa,10.0667,34.5333,58.82,84,92,3.69,ET,2021-08-05 02:29:46
556,East Grand Rapids,42.9411,-85.61,72.27,76,84,5.48,US,2021-08-05 02:29:46
557,Lais,6.3328,125.6464,85.28,65,86,2.15,PH,2021-08-05 02:29:47
558,Namatanai,-3.6667,152.4333,85.12,70,56,3.91,PG,2021-08-05 02:29:47
559,Ovalle,-30.5983,-71.2003,55.54,82,0,2.44,CL,2021-08-05 02:29:47
560,Port Macquarie,-31.4333,152.9167,67.89,41,0,12.35,AU,2021-08-05 02:24:56
561,Chapada Dos Guimaraes,-15.4606,-55.7497,69.46,40,5,2.13,BR,2021-08-05 02:29:47
562,Bolshaya Dzhalga,45.9695,42.6966,74.07,65,12,3.42,RU,2021-08-05 02:29:48
563,Kulhudhuffushi,6.6221,73.07,81.39,79,100,12.1,MV,2021-08-05 02:29:48
564,Leshan,29.5623,103.7639,82.58,79,28,3.2,CN,2021-08-05 02:29:48
565,Uige,-7.6087,15.0613,62.55,79,0,1.63,AO,2021-08-05 02:29:48
566,Celestun,20.8667,-90.4,82.74,79,4,18.16,MX,2021-08-05 02:29:49
